CREATE DATABASE employee_db;

use employee_db;

-- Create the Departments table
CREATE TABLE departments (
    department_id INT PRIMARY KEY,
    department_name VARCHAR(100) NOT NULL
);

-- Create the Employees table
CREATE TABLE employees (
    employee_id INT PRIMARY KEY,
    first_name VARCHAR(50) NOT NULL,
    last_name VARCHAR(50) NOT NULL,
    department_id INT,
    hire_date DATE,
    street VARCHAR(100),
    city VARCHAR(50),
    state VARCHAR(50),
    postal_code VARCHAR(20),
    FOREIGN KEY (department_id) REFERENCES departments(department_id)
);

-- Create the Salaries table
CREATE TABLE salaries (
	salary_id INT PRIMARY KEY,
    employee_id INT,
    salary DECIMAL(10, 2) NOT NULL,
    effective_date DATE NOT NULL,
    FOREIGN KEY (employee_id) REFERENCES employees(employee_id)
);

-- Create the Projects table
CREATE TABLE projects (
    project_id INT PRIMARY KEY,
    project_name VARCHAR(100) NOT NULL,
    start_date DATE,
    end_date DATE
);

-- Create the Employee_Projects table
CREATE TABLE employee_projects (
    employee_id INT,
    project_id INT,
    role VARCHAR(50),
    start_date DATE,
    end_date DATE,
    FOREIGN KEY (employee_id) REFERENCES employees(employee_id),
    FOREIGN KEY (project_id) REFERENCES projects(project_id),
    PRIMARY KEY (employee_id, project_id)
);

INSERT INTO departments (department_id, department_name) VALUES
(1, 'Human Resources'),
(2, 'Finance'),
(3, 'Engineering'),
(4, 'Sales'),
(5, 'Marketing'),
(6, 'Customer Service'),
(7, 'IT'),
(8, 'Operations'),
(9, 'Legal'),
(10, 'Research and Development'),
(11, 'Quality Assurance'),
(12, 'Product Management'),
(13, 'Business Development'),
(14, 'Public Relations'),
(15, 'Content Development'),
(16, 'Design'),
(17, 'Administration'),
(18, 'Procurement'),
(19, 'Security'),
(20, 'Maintenance'),
(21, 'Supply Chain'),
(22, 'Logistics'),
(23, 'Training'),
(24, 'Strategy'),
(25, 'Audit'),
(26, 'Compliance'),
(27, 'Risk Management'),
(28, 'Investor Relations'),
(29, 'Corporate Development'),
(30, 'Internal Communications'),
(31, 'External Communications'),
(32, 'Market Research'),
(33, 'Creative Services'),
(34, 'Media Planning'),
(35, 'Event Planning'),
(36, 'Talent Acquisition'),
(37, 'Employee Relations'),
(38, 'Learning and Development'),
(39, 'Compensation and Benefits'),
(40, 'Health and Safety'),
(41, 'Facilities Management'),
(42, 'Transportation'),
(43, 'Warehouse Management'),
(44, 'Import/Export'),
(45, 'Government Affairs'),
(46, 'Corporate Social Responsibility'),
(47, 'Sustainability'),
(48, 'Environmental Health'),
(49, 'Energy Management'),
(50, 'Innovation');

INSERT INTO employees (employee_id, first_name, last_name, department_id, hire_date, street, city, state, postal_code) VALUES
(1, 'John', 'Doe', 1, '2023-01-15', '123 Main St', 'Anytown', 'CA', '12345'),
(2, 'Jane', 'Smith', 2, '2023-01-16', '456 Elm St', 'Othertown', 'TX', '23456'),
(3, 'Michael', 'Johnson', 3, '2023-01-17', '789 Oak St', 'Sometown', 'NY', '34567'),
(4, 'Emily', 'Davis', 4, '2023-01-18', '101 Pine St', 'Yourtown', 'FL', '45678'),
(5, 'Jessica', 'Wilson', 5, '2023-01-19', '202 Birch St', 'Mytown', 'WA', '56789'),
(6, 'William', 'Brown', 6, '2023-01-20', '303 Maple St', 'Thistown', 'OR', '67890'),
(7, 'Linda', 'Martinez', 7, '2023-01-21', '404 Cedar St', 'Thatown', 'NV', '78901'),
(8, 'David', 'Lopez', 8, '2023-01-22', '505 Walnut St', 'Theirtown', 'UT', '89012'),
(9, 'Susan', 'Gonzalez', 9, '2023-01-23', '606 Ash St', 'Ourntown', 'CO', '90123'),
(10, 'Robert', 'Hernandez', 10, '2023-01-24', '707 Fir St', 'Theirtown', 'NM', '01234'),
(11, 'Mary', 'Moore', 11, '2023-01-25', '808 Cherry St', 'Townsville', 'AZ', '12346'),
(12, 'Christopher', 'Taylor', 12, '2023-01-26', '909 Chestnut St', 'Villecity', 'GA', '23457'),
(13, 'Karen', 'Anderson', 13, '2023-01-27', '1010 Hickory St', 'Burgville', 'AL', '34568'),
(14, 'Charles', 'Thomas', 14, '2023-01-28', '1111 Dogwood St', 'Citiopolis', 'TN', '45679'),
(15, 'Patricia', 'Jackson', 15, '2023-01-29', '1212 Magnolia St', 'Urbantown', 'KY', '56780'),
(16, 'Daniel', 'White', 16, '2023-01-30', '1313 Locust St', 'Suburbia', 'SC', '67891'),
(17, 'Elizabeth', 'Harris', 17, '2023-01-31', '1414 Sycamore St', 'Metropolis', 'AR', '78902'),
(18, 'James', 'Clark', 18, '2023-02-01', '1515 Redwood St', 'Cityscape', 'MS', '89013'),
(19, 'Barbara', 'Rodriguez', 19, '2023-02-02', '1616 Willow St', 'Hilltop', 'VT', '90124'),
(20, 'Paul', 'Lewis', 20, '2023-02-03', '1717 Palm St', 'Downtown', 'NH', '01235'),
(21, 'Jennifer', 'Walker', 21, '2023-02-04', '1818 Spruce St', 'Shoreline', 'ME', '12347'),
(22, 'Mark', 'Hall', 22, '2023-02-05', '1919 Alder St', 'Riverside', 'SD', '23458'),
(23, 'Nancy', 'Allen', 23, '2023-02-06', '2020 Cottonwood St', 'Lakeside', 'ND', '34569'),
(24, 'Steven', 'Young', 24, '2023-02-07', '2121 Poplar St', 'Forestville', 'DE', '45680'),
(25, 'Donna', 'Hernandez', 25, '2023-02-08', '2222 Dogwood St', 'Greenwood', 'WV', '56781'),
(26, 'George', 'King', 26, '2023-02-09', '2323 Cypress St', 'Sunnydale', 'MT', '67892'),
(27, 'Sarah', 'Wright', 27, '2023-02-10', '2424 Olive St', 'Mountainview', 'WY', '78903'),
(28, 'Kenneth', 'Lopez', 28, '2023-02-11', '2525 Linden St', 'Clearwater', 'AK', '89014'),
(29, 'Lisa', 'Hill', 29, '2023-02-12', '2626 Palm St', 'Crystalcity', 'HI', '90125'),
(30, 'Eric', 'Scott', 30, '2023-02-13', '2727 Cedar St', 'Bluelake', 'ID', '01236'),
(31, 'Sandra', 'Green', 1, '2023-02-14', '2828 Alder St', 'Maplewood', 'IA', '12348'),
(32, 'Donald', 'Adams', 2, '2023-02-15', '2929 Fir St', 'Rosewood', 'KS', '23459'),
(33, 'Michelle', 'Baker', 3, '2023-02-16', '3030 Redwood St', 'Cedarville', 'LA', '34570'),
(34, 'Larry', 'Gonzalez', 4, '2023-02-17', '3131 Spruce St', 'Pineville', 'MO', '45681'),
(35, 'Jessica', 'Nelson', 5, '2023-02-18', '3232 Pine St', 'Willowtown', 'NE', '56782'),
(36, 'Joseph', 'Carter', 6, '2023-02-19', '3333 Walnut St', 'Oakhurst', 'NV', '67893'),
(37, 'Margaret', 'Mitchell', 7, '2023-02-20', '3434 Elm St', 'Pinetown', 'NM', '78904'),
(38, 'Thomas', 'Perez', 8, '2023-02-21', '3535 Oak St', 'Hickorytown', 'NY', '89015'),
(39, 'Dorothy', 'Roberts', 9, '2023-02-22', '3636 Birch St', 'Pineville', 'NC', '90126'),
(40, 'Matthew', 'Turner', 10, '2023-02-23', '3737 Chestnut St', 'Mapleton', 'ND', '01237'),
(41, 'Sandra', 'Phillips', 11, '2023-02-24', '3838 Magnolia St', 'Elmtown', 'OH', '12349'),
(42, 'Joshua', 'Campbell', 12, '2023-02-25', '3939 Locust St', 'Beachtown', 'OK', '23460'),
(43, 'Sharon', 'Parker', 13, '2023-02-26', '4040 Sycamore St', 'Lakeview', 'OR', '34571'),
(44, 'Betty', 'Evans', 14, '2023-02-27', '4141 Redwood St', 'Rivercity', 'PA', '45682'),
(45, 'Timothy', 'Edwards', 15, '2023-02-28', '4242 Hickory St', 'Seaside', 'RI', '56783'),
(46, 'Carol', 'Collins', 16, '2023-03-01', '4343 Dogwood St', 'Highland', 'SC', '67894'),
(47, 'Anthony', 'Stewart', 17, '2023-03-02', '4444 Palm St', 'Mountainview', 'SD', '365478'),
(48, 'John', 'Doe', 1, '2023-01-01', '123 Main St', 'Anytown', 'CA', '12345'),
(49, 'Jane', 'Smith', 2, '2023-01-02', '456 Elm St', 'Othertown', 'TX', '23456'),
(50, 'Michael', 'Johnson', 3, '2023-01-03', '789 Oak St', 'Sometown', 'NY', '34567'),
(51, 'Emily', 'Davis', 4, '2023-01-04', '101 Pine St', 'Yourtown', 'FL', '45678'),
(52, 'Jessica', 'Wilson', 5, '2023-01-05', '202 Birch St', 'Mytown', 'WA', '56789'),
(53, 'William', 'Brown', 1, '2023-01-06', '303 Maple St', 'Thistown', 'OR', '67890'),
(54, 'Linda', 'Martinez', 2, '2023-01-07', '404 Cedar St', 'Thatown', 'NV', '78901'),
(55, 'David', 'Lopez', 3, '2023-01-08', '505 Walnut St', 'Theirtown', 'UT', '89012'),
(56, 'Susan', 'Gonzalez', 4, '2023-01-09', '606 Ash St', 'Ourntown', 'CO', '90123'),
(57, 'Robert', 'Hernandez', 5, '2023-01-10', '707 Fir St', 'Theirtown', 'NM', '01234'),
(58, 'Mary', 'Moore', 1, '2023-01-11', '808 Cherry St', 'Townsville', 'AZ', '12346'),
(59, 'Christopher', 'Taylor', 2, '2023-01-12', '909 Chestnut St', 'Villecity', 'GA', '23457'),
(60, 'Karen', 'Anderson', 3, '2023-01-13', '1010 Hickory St', 'Burgville', 'AL', '34568'),
(61, 'Charles', 'Thomas', 4, '2023-01-14', '1111 Dogwood St', 'Citiopolis', 'TN', '45679'),
(62, 'Patricia', 'Jackson', 5, '2023-01-15', '1212 Magnolia St', 'Urbantown', 'KY', '56780'),
(63, 'Daniel', 'White', 1, '2023-01-16', '1313 Locust St', 'Suburbia', 'SC', '67891'),
(64, 'Elizabeth', 'Harris', 2, '2023-01-17', '1414 Sycamore St', 'Metropolis', 'AR', '78902'),
(65, 'James', 'Clark', 3, '2023-01-18', '1515 Redwood St', 'Cityscape', 'MS', '89013'),
(66, 'Barbara', 'Rodriguez', 4, '2023-01-19', '1616 Willow St', 'Hilltop', 'VT', '90124'),
(67, 'Paul', 'Lewis', 5, '2023-01-20', '1717 Palm St', 'Downtown', 'NH', '01235'),
(68, 'Jennifer', 'Walker', 1, '2023-01-21', '1818 Spruce St', 'Shoreline', 'ME', '12347'),
(69, 'Mark', 'Hall', 2, '2023-01-22', '1919 Alder St', 'Riverside', 'SD', '23458'),
(70, 'Nancy', 'Allen', 3, '2023-01-23', '2020 Cottonwood St', 'Lakeside', 'ND', '34569'),
(71, 'Steven', 'Young', 4, '2023-01-24', '2121 Poplar St', 'Forestville', 'DE', '45680'),
(72, 'Donna', 'Hernandez', 5, '2023-01-25', '2222 Dogwood St', 'Greenwood', 'WV', '56781'),
(73, 'George', 'King', 1, '2023-01-26', '2323 Cypress St', 'Sunnydale', 'MT', '67892'),
(74, 'Sarah', 'Wright', 2, '2023-01-27', '2424 Olive St', 'Mountainview', 'WY', '78903'),
(75, 'Kenneth', 'Lopez', 3, '2023-01-28', '2525 Linden St', 'Clearwater', 'AK', '89014'),
(76, 'Lisa', 'Hill', 4, '2023-01-29', '2626 Palm St', 'Crystalcity', 'HI', '90125'),
(77, 'Eric', 'Scott', 5, '2023-01-30', '2727 Cedar St', 'Bluelake', 'ID', '01236'),
(78, 'Sandra', 'Green', 1, '2023-01-31', '2828 Alder St', 'Maplewood', 'IA', '12348'),
(79, 'Donald', 'Adams', 2, '2023-02-01', '2929 Fir St', 'Rosewood', 'KS', '23459'),
(80, 'Michelle', 'Baker', 3, '2023-02-02', '3030 Redwood St', 'Cedarville', 'LA', '34570'),
(81, 'Larry', 'Gonzalez', 4, '2023-02-03', '3131 Spruce St', 'Pineville', 'MO', '45681'),
(82, 'Jessica', 'Nelson', 5, '2023-02-04', '3232 Pine St', 'Willowtown', 'NE', '56782'),
(83, 'Joseph', 'Carter', 1, '2023-02-05', '3333 Walnut St', 'Oakhurst', 'NV', '67893'),
(84, 'Margaret', 'Mitchell', 2, '2023-02-06', '3434 Elm St', 'Pinetown', 'NM', '78904'),
(85, 'Thomas', 'Perez', 3, '2023-02-07', '3535 Oak St', 'Hickorytown', 'NY', '89015'),
(86, 'John', 'Doe', 1, '2023-01-01', '123 Main St', 'Anytown', 'CA', '12345'),
(87, 'Jane', 'Smith', 2, '2023-01-02', '456 Elm St', 'Othertown', 'TX', '23456'),
(88, 'Michael', 'Johnson', 3, '2023-01-03', '789 Oak St', 'Sometown', 'NY', '34567'),
(89, 'Emily', 'Davis', 4, '2023-01-04', '101 Pine St', 'Yourtown', 'FL', '45678'),
(90, 'Jessica', 'Wilson', 5, '2023-01-05', '202 Birch St', 'Mytown', 'WA', '56789'),
(91, 'William', 'Brown', 1, '2023-01-06', '303 Maple St', 'Thistown', 'OR', '67890'),
(92, 'Linda', 'Martinez', 2, '2023-01-07', '404 Cedar St', 'Thatown', 'NV', '78901'),
(93, 'David', 'Lopez', 3, '2023-01-08', '505 Walnut St', 'Theirtown', 'UT', '89012'),
(94, 'Susan', 'Gonzalez', 4, '2023-01-09', '606 Ash St', 'Ourntown', 'CO', '90123'),
(95, 'Robert', 'Hernandez', 5, '2023-01-10', '707 Fir St', 'Theirtown', 'NM', '01234'),
(96, 'Mary', 'Moore', 1, '2023-01-11', '808 Cherry St', 'Townsville', 'AZ', '12346'),
(97, 'Christopher', 'Taylor', 2, '2023-01-12', '909 Chestnut St', 'Villecity', 'GA', '23457'),
(98, 'Karen', 'Anderson', 3, '2023-01-13', '1010 Hickory St', 'Burgville', 'AL', '34568'),
(99, 'Charles', 'Thomas', 4, '2023-01-14', '1111 Dogwood St', 'Citiopolis', 'TN', '45679'),
(100, 'Patricia', 'Jackson', 5, '2023-01-15', '1212 Magnolia St', 'Urbantown', 'KY', '56780');



INSERT INTO Salaries ( salary_id, employee_id, salary, effective_date )
VALUES
    (101, 1, 55000.00, '2022-01-01'),
    (102, 2, 60000.00, '2022-01-02'),
    (103, 3, 58000.00, '2022-01-03'),
    (104, 4, 57000.00, '2022-01-04'),
    (105, 5, 59000.00, '2022-01-05'),
    (106, 6, 56000.00, '2022-01-06'),
    (107, 7, 57000.00, '2022-01-07'),
    (108, 8, 61000.00, '2022-01-08'),
    (109, 9, 58000.00, '2022-01-09'),
    (110, 10, 60000.00, '2022-01-10'),
    (111, 11, 59000.00, '2022-01-11'),
    (112, 12, 57000.00, '2022-01-12'),
    (113, 13, 59000.00, '2022-01-13'),
    (114, 14, 58000.00, '2022-01-14'),
    (115, 15, 57000.00, '2022-01-15'),
    (116, 16, 60000.00, '2022-01-16'),
    (117, 17, 57000.00, '2022-01-17'),
    (118, 18, 59000.00, '2022-01-18'),
    (119, 19, 58000.00, '2022-01-19'),
    (120, 20, 57000.00, '2022-01-20'),
    (121, 21, 61000.00, '2022-01-21'),
    (122, 22, 58000.00, '2022-01-22'),
    (123, 23, 57000.00, '2022-01-23'),
    (124, 24, 59000.00, '2022-01-24'),
    (125, 25, 58000.00, '2022-01-25'),
    (126, 26, 59000.00, '2022-01-26'),
    (127, 27, 57000.00, '2022-01-27'),
    (128, 28, 60000.00, '2022-01-28'),
    (129, 29, 57000.00, '2022-01-29'),
    (130, 30, 59000.00, '2022-01-30'),
    (131, 31, 55000.00, '2022-01-01'),
    (132, 32, 60000.00, '2022-01-02'),
    (133, 33, 58000.00, '2022-01-03'),
    (134, 34, 57000.00, '2022-01-04'),
    (135, 35, 59000.00, '2022-01-05'),
    (136, 36, 56000.00, '2022-01-06'),
    (137, 37, 57000.00, '2022-01-07'),
    (138, 38, 61000.00, '2022-01-08'),
    (139, 39, 58000.00, '2022-01-09'),
    (140, 40, 60000.00, '2022-01-10'),
    (141, 41, 59000.00, '2022-01-11'),
    (142, 42, 57000.00, '2022-01-12'),
    (143, 43, 59000.00, '2022-01-13'),
    (144, 44, 58000.00, '2022-01-14'),
    (145, 45, 57000.00, '2022-01-15'),
    (146, 46, 60000.00, '2022-01-16'),
    (147, 47, 57000.00, '2022-01-17'),
    (148, 48, 59000.00, '2022-01-18'),
    (149, 49, 58000.00, '2022-01-19'),
    (150, 50, 57000.00, '2022-01-20'),
    (151, 51, 61000.00, '2022-01-21'),
    (152, 52, 58000.00, '2022-01-22'),
    (153, 53, 57000.00, '2022-01-23'),
    (154, 54, 59000.00, '2022-01-24'),
    (155, 55, 58000.00, '2022-01-25'),
    (156, 56, 59000.00, '2022-01-26'),
    (157, 57, 57000.00, '2022-01-27'),
    (158, 58, 60000.00, '2022-01-28'),
    (159, 59, 57000.00, '2022-01-29'),
    (160, 60, 59000.00, '2022-01-30'),
    (161, 61, 61000.00, '2022-01-21'),
    (162, 62, 58000.00, '2022-01-22'),
    (163, 63, 57000.00, '2022-01-23'),
    (164, 64, 59000.00, '2022-01-24'),
    (165, 65, 58000.00, '2022-01-25'),
    (166, 66, 59000.00, '2022-01-26'),
    (167, 67, 57000.00, '2022-01-27'),
    (168, 68, 60000.00, '2022-01-28'),
    (169, 69, 57000.00, '2022-01-29'),
    (170, 70, 59000.00, '2022-01-30'),
    (171, 71, 55000.00, '2022-01-01'),
    (172, 72, 60000.00, '2022-01-02'),
    (173, 73, 58000.00, '2022-01-03'),
    (174, 74, 57000.00, '2022-01-04'),
    (175, 75, 59000.00, '2022-01-05'),
    (176, 76, 56000.00, '2022-01-06'),
    (177, 77, 57000.00, '2022-01-07'),
    (178, 78, 61000.00, '2022-01-08'),
    (179, 79, 58000.00, '2022-01-09'),
    (180, 80, 60000.00, '2022-01-10'),
    (181, 81, 59000.00, '2022-01-11'),
    (182, 82, 57000.00, '2022-01-12'),
    (183, 83, 59000.00, '2022-01-13'),
    (184, 84, 58000.00, '2022-01-14'),
    (185, 85, 57000.00, '2022-01-15'),
    (186, 86, 60000.00, '2022-01-16'),
    (187, 87, 57000.00, '2022-01-17'),
    (188, 88, 59000.00, '2022-01-18'),
    (189, 89, 58000.00, '2022-01-19'),
    (190, 90, 57000.00, '2022-01-20'),
    (191, 91, 61000.00, '2022-01-21'),
    (192, 92, 58000.00, '2022-01-22'),
    (193, 93, 57000.00, '2022-01-23'),
    (194, 94, 59000.00, '2022-01-24'),
    (195, 95, 58000.00, '2022-01-25'),
    (196, 96, 59000.00, '2022-01-26'),
    (197, 97, 57000.00, '2022-01-27'),
    (198, 98, 60000.00, '2022-01-28'),
    (199, 99, 57000.00, '2022-01-29'),
    (200, 100, 59000.00, '2022-01-30');


INSERT INTO Projects (project_id, project_name, start_date, end_date)
VALUES
     (111, 'Project K', '2023-01-01', '2023-06-01'),
     (112, 'Project A', '2023-02-01', '2023-07-01'),
     (113, 'Project Alpha', '2023-03-01', '2023-08-01'),
     (114, 'Project Beta', '2023-04-01', '2023-09-01'),
     (115, 'Project gamma', '2023-05-01', '2023-10-01'),
     (116, 'Project epsilon', '2023-06-01', '2023-11-01'),
     (117, 'Project C', '2023-07-01', '2023-12-01'),
     (118, 'Project D', '2023-08-01', '2024-01-01'),
     (119, 'Project O', '2023-09-01', '2024-02-01'),
     (120, 'Project Delta', '2023-10-01', '2024-03-01'),
    (121, 'Project sigma', '2023-11-01', '2024-04-01'),
    (122, 'Project sigma', '2023-12-01', '2024-05-01'),
    (123, 'Project A', '2024-01-01', '2024-06-01'),
    (124, 'Project kappa', '2024-02-01', '2024-07-01'),
    (125, 'Chandrayana', '2024-03-01', '2024-08-01'),
    (126, 'Project-19', '2024-04-01', '2024-09-01'),
    (127, 'Project-88', '2024-05-01', '2024-10-01'),
    (128, 'Project omega', '2024-06-01', '2024-11-01'),
    (129, 'Project chi', '2024-07-01', '2024-12-01'),
    (130, 'Project pi', '2024-08-01', '2025-01-01'),
    (131, 'Project k2', '2024-09-01', '2025-02-01'),
    (132, 'Project Z', '2024-10-01', '2025-03-01'),
    (133, 'Project J', '2024-11-01', '2025-04-01'),
    (134, 'Project P', '2024-12-01', '2025-05-01'),
    (135, 'Project T', '2025-01-01', '2025-06-01'),
    (136, 'Project zi', '2025-02-01', '2025-07-01'),
    (137, 'Project rho', '2025-03-01', '2025-08-01'),
    (138, 'Project mui', '2025-04-01', '2025-09-01'),
    (139, 'Project nu', '2025-05-01', '2025-10-01'),
    (140, 'Project MM', '2025-06-01', '2025-11-01'),
    (141, 'Project 11', '2025-07-01', '2025-12-01'),
    (142, 'Project 09', '2025-08-01', '2026-01-01'),
    (143, 'Project 77', '2025-09-01', '2026-02-01'),
    (144, 'Project B6', '2025-10-01', '2026-03-01'),
    (145, 'Project A2', '2025-11-01', '2026-04-01'),
    (146, 'Project BB', '2025-12-01', '2026-05-01'),
    (147, 'Project NN', '2026-01-01', '2026-06-01'),
    (148, 'Project ZZ', '2026-02-01', '2026-07-01'),
    (149, 'Project 77', '2026-03-01', '2026-08-01'),
    (150, 'Project 40', '2026-04-01', '2026-09-01'),
    (151, 'Project 41', '2026-05-01', '2026-10-01'),
    (152, 'Project PO', '2026-06-01', '2026-11-01'),
    (153, 'Project MN', '2026-07-01', '2026-12-01'),
    (154, 'Project VSL', '2026-08-01', '2027-01-01'),
    (155, 'Project 45', '2026-09-01', '2027-02-01'),
    (156, 'Project P1', '2026-10-01', '2027-03-01'),
    (157, 'Project KL', '2026-11-01', '2027-04-01'),
    (158, 'Project LL', '2026-12-01', '2027-05-01'),
    (159, 'Project 49', '2027-01-01', '2027-06-01'),
    (160, 'Project 50', '2027-02-01', '2027-07-01'),
    (161, 'Project PP', '2027-03-01', '2027-08-01'),
    (162, 'Project 52', '2027-04-01', '2027-09-01'),
    (163, 'Project LL', '2027-05-01', '2027-10-01'),
    (164, 'Project ET', '2027-06-01', '2027-11-01'),
    (165, 'Project WW', '2027-07-01', '2027-12-01'),
    (166, 'Project 56', '2027-08-01', '2028-01-01'),
    (167, 'Project 57', '2027-09-01', '2028-02-01'),
    (168, 'Project 58', '2027-10-01', '2028-03-01'),
    (169, 'Project 59', '2027-11-01', '2028-04-01'),
    (170, 'Project HHK', '2027-12-01', '2028-05-01'),
    (171, 'Project 61', '2028-01-01', '2028-06-01'),
    (172, 'Project 999', '2028-02-01', '2028-07-01'),
    (173, 'Project 63', '2028-03-01', '2028-08-01'),
    (174, 'Project 111', '2028-04-01', '2028-09-01'),
    (175, 'Project 65', '2028-05-01', '2028-10-01'),
    (176, 'Project 343', '2028-06-01', '2028-11-01'),
    (177, 'Project 787', '2028-07-01', '2028-12-01'),
    (178, 'Project 332', '2028-08-01', '2029-10-11'),
    (179, 'Project 66', '2028-06-01', '2028-11-01'),
    (180, 'Project 67', '2028-07-01', '2028-12-01'),
    (181, 'Project M', '2028-08-01', '2029-10-11'),
    (182, 'Project J', '2026-04-01', '2026-09-01'),
    (183, 'Project 41', '2026-05-01', '2026-10-01'),
    (184, 'Project 55', '2026-06-01', '2026-11-01'),
    (185, 'Project 43', '2026-07-01', '2026-12-01'),
    (186, 'Project O', '2026-08-01', '2027-01-01'),
    (187, 'Project 45', '2026-09-01', '2027-02-01'),
    (188, 'Project 46', '2026-10-01', '2027-03-01'),
    (189, 'Project 47', '2026-11-01', '2027-04-01'),
    (190, 'Project 48', '2026-12-01', '2027-05-01'),
    (191, 'Project 49', '2027-01-01', '2027-06-01'),
    (192, 'Project 50', '2027-02-01', '2027-07-01'),
    (193, 'Project 51', '2027-03-01', '2027-08-01'),
    (194, 'Project I', '2027-04-01', '2027-09-01'),
    (195, 'Project Z', '2027-05-01', '2027-10-01'),
    (196, 'Project X', '2027-06-01', '2027-11-01'),
    (197, 'Project G', '2027-07-01', '2027-12-01'),
    (198, 'Project 55', '2027-08-01', '2028-01-01'),
    (199, 'Project 44', '2027-09-01', '2028-02-01'),
    (200, 'Project 33', '2027-10-01', '2028-03-01'),
    (201, 'Project 22', '2027-11-01', '2028-04-01'),
    (202, 'Project 11', '2027-12-01', '2028-05-01'),
    (203, 'Project 00', '2028-01-01', '2028-06-01'),
    (204, 'Project RE', '2028-02-01', '2028-07-01'),
    (205, 'Project HH', '2028-03-01', '2028-08-01'),
    (206, 'Project 091', '2028-04-01', '2028-09-01'),
    (207, 'Project UU', '2028-05-01', '2028-10-01'),
    (208, 'Project AA', '2028-06-01', '2028-11-01'),
    (209, 'Project 8', '2028-07-01', '2028-12-01'),
    (210, 'Project K', '2028-08-01', '2029-10-11'),
    (211, 'Project L', '2028-06-01', '2028-11-01'),
    (212, 'Project B', '2028-07-01', '2028-12-01'),
    (213, 'Project Y', '2028-08-01', '2029-10-11');



INSERT INTO employee_projects (employee_id, project_id, start_date, end_date, role)
VALUES
    (1, 111, '2023-01-01', '2023-06-01', 'Developer'),
    (2, 112, '2023-02-01', '2023-07-01', 'Tester'),
    (3, 113, '2023-03-01', '2023-08-01', 'Project Manager'),
    (4, 114, '2023-04-01', '2023-06-04', 'Developer'),
    (5, 115, '2023-05-01', '2023-06-05', 'Tester'),
    (6, 116, '2023-06-01', '2023-06-06', 'Developer'),
    (7, 117, '2023-07-01', '2023-06-07', 'Tester'),
    (8, 118, '2023-08-01', '2023-06-08', 'Project Manager'),
    (9, 119, '2023-09-01', '2023-06-09', 'Developer'),
    (10, 120, '2023-10-01', '2023-06-10', 'Tester'),
    (11, 121, '2023-11-01', '2023-06-11', 'Developer'),
    (12, 122, '2023-12-01', '2023-06-12', 'Tester'),
    (13, 123, '2023-01-01', '2023-06-13', 'Project Manager'),
    (14, 124, '2023-02-01', '2023-06-14', 'Developer'),
    (15, 125, '2023-03-01', '2023-06-15', 'Tester'),
    (16, 126, '2023-04-01', '2023-06-16', 'Developer'),
    (17, 127, '2023-05-01', '2023-06-17', 'Tester'),
    (18, 128, '2023-06-01', '2023-06-18', 'Project Manager'),
    (19, 129, '2023-07-01', '2023-06-19', 'Developer'),
    (20, 130, '2023-08-01', '2023-06-20', 'Tester'),
    (21, 131, '2023-09-01', '2023-06-21', 'Developer'),
    (22, 132, '2023-10-01', '2023-06-22', 'Tester'),
    (23, 133, '2023-11-01', '2023-06-23', 'Project Manager'),
    (24, 134, '2023-12-01', '2023-06-24', 'Developer'),
    (25, 135, '2023-01-01', '2023-06-25', 'Tester'),
    (26, 136, '2023-02-01', '2023-06-26', 'Developer'),
    (27, 137, '2023-03-01', '2023-06-27', 'Tester'),
    (28, 138, '2023-04-01', '2023-06-28', 'Project Manager'),
    (29, 139, '2023-05-01', '2023-06-29', 'Developer'),
    (30, 140, '2023-06-01', '2023-06-30', 'Tester'),
    (31, 141, '2023-07-01', '2023-07-01', 'Developer'),
    (32, 142, '2023-08-01', '2023-07-02', 'Tester'),
    (33, 143, '2023-09-01', '2023-07-03', 'Project Manager'),
    (34, 144, '2023-10-01', '2023-07-04', 'Developer'),
    (35, 145, '2023-11-01', '2023-07-05', 'Tester'),
    (36, 146, '2023-12-01', '2023-07-06', 'Developer'),
    (37, 147, '2023-01-01', '2023-07-07', 'Tester'),
    (38, 148, '2023-02-01', '2023-07-08', 'Project Manager'),
    (39, 149, '2023-03-01', '2023-07-09', 'Developer'),
    (40, 150, '2023-04-01', '2023-07-10', 'Tester'),
    (41, 151, '2023-05-01', '2023-07-11', 'Developer'),
    (42, 152, '2023-06-01', '2023-07-12', 'Tester'),
    (43, 153, '2023-07-01', '2023-07-13', 'Project Manager'),
    (44, 154, '2023-08-01', '2023-07-14', 'Developer'),
    (45, 155, '2023-09-01', '2023-07-15', 'Tester'),
    (46, 156, '2023-10-01', '2023-07-16', 'Developer'),
    (47, 157, '2023-11-01', '2023-07-17', 'Tester'),
    (48, 158, '2023-12-01', '2023-07-18', 'Project Manager'),
    (49, 159, '2023-01-01', '2023-07-19', 'Developer'),
    (50, 160, '2023-02-01', '2023-07-20', 'Tester'),
    (51, 161, '2023-03-01', '2023-07-21', 'Developer'),
    (52, 162, '2023-04-01', '2023-07-22', 'Tester'),
    (53, 163, '2023-05-01', '2023-07-23', 'Project Manager'),
    (54, 164, '2023-06-01', '2023-07-24', 'Developer'),
    (55, 165, '2023-07-01', '2023-07-25', 'Tester'),
    (56, 166, '2023-08-01', '2023-07-26', 'Developer'),
    (57, 167, '2023-09-01', '2023-07-27', 'Tester'),
    (58, 168, '2023-10-01', '2023-07-28', 'Project Manager'),
    (59, 169, '2023-11-01', '2023-08-01', 'Developer'),
    (60, 170, '2023-12-01', '2023-08-02', 'Tester'),
    (61, 171, '2023-01-01', '2023-08-03', 'Developer'),
    (62, 172, '2023-02-01', '2023-08-04', 'Tester'),
    (63, 173, '2023-03-01', '2023-08-05', 'Project Manager'),
    (64, 174, '2023-04-01', '2023-08-06', 'Developer'),
    (65, 175, '2023-05-01', '2023-08-07', 'Tester'),
    (66, 176, '2023-06-01', '2023-08-08', 'Developer'),
    (67, 177, '2023-07-01', '2023-08-09', 'Tester'),
    (68, 178, '2023-08-01', '2023-08-10', 'Project Manager'),
    (69, 179, '2023-09-01', '2023-08-11', 'Developer'),
    (70, 180, '2023-10-01', '2023-08-12', 'Tester'),
    (71, 181, '2023-11-01', '2023-08-13', 'Developer'),
    (72, 182, '2023-12-01', '2023-08-14', 'Tester'),
    (73, 183, '2023-01-01', '2023-08-15', 'Project Manager'),
    (74, 184, '2023-02-01', '2023-08-16', 'Developer'),
    (75, 185, '2023-03-01', '2023-07-19', 'Developer'),
    (76, 186, '2023-04-01', '2023-07-20', 'Tester'),
    (77, 187, '2023-05-01', '2023-07-21', 'Developer'),
    (78, 188, '2023-06-01', '2023-07-22', 'Tester'),
    (79, 189, '2023-07-01', '2023-07-23', 'Project Manager'),
    (80, 190, '2023-08-01', '2023-07-24', 'Developer'),
    (81, 191, '2023-09-01', '2023-07-25', 'Tester'),
    (82, 192, '2023-10-01', '2023-07-26', 'Developer'),
    (83, 193, '2023-11-01', '2023-07-27', 'Tester'),
    (84, 194, '2023-12-01', '2023-07-28', 'Project Manager'),
    (86, 195, '2023-01-01', '2023-08-01', 'Developer'),
    (87, 196, '2023-02-02', '2023-08-02', 'Tester'),
    (88, 197, '2023-03-01', '2023-08-03', 'Developer'),
    (89, 198, '2023-04-01', '2023-08-04', 'Tester'),
    (90, 199, '2023-05-01', '2023-08-05', 'Project Manager'),
    (91, 200, '2023-06-01', '2023-08-06', 'Developer'),
    (92, 201, '2023-07-01', '2023-08-07', 'Tester'),
    (93, 202, '2023-08-01', '2023-08-08', 'Developer'),
    (94, 203, '2023-09-01', '2023-08-09', 'Tester'),
    (95, 204, '2023-10-01', '2023-08-10', 'Project Manager'),
    (96, 205, '2023-11-01', '2023-08-11', 'Developer'),
    (97, 206, '2023-12-01', '2023-08-12', 'Tester'),
    (98, 207, '2023-01-01', '2023-08-13', 'Developer'),
    (99, 208, '2023-02-01', '2023-08-14', 'Tester'),
    (100, 209, '2023-03-01', '2023-08-15', 'Project Manager');
    





